{"e1_l20": {"model_train_time": 77.4517092704773, "tree_generate_time": 626.737920999527}}